{"cameraMode":{"drawMode":0,"name":"Shaded","section":"Shading Mode"},"sceneLighting":true,"audioPlay":false,"sceneViewState":{"m_AlwaysRefresh":false,"showFog":true,"showSkybox":true,"showFlares":true,"showImageEffects":true,"showParticleSystems":true,"showVisualEffectGraphs":true,"m_FxEnabled":true},"in2DMode":false,"pivot":{"x":1208.6961669921875,"y":727.0293579101563,"z":761.6646118164063},"rotation":{"x":-0.0837053582072258,"y":-0.0009062576573342085,"z":0.00006826299795648083,"w":-0.9965447187423706},"size":1126.4298095703125,"orthographic":false}